{"train/loss_rpn_cls": 0.0594909747922793, "train/loss_rpn_bbox": 0.05463487949920818, "train/s0.loss_cls": 0.4048040369898081, "train/s0.acc": 87.76953125, "train/s0.loss_bbox": 0.2275788439065218, "train/s1.loss_cls": 0.18540381088852884, "train/s1.acc": 89.01478134155273, "train/s1.loss_bbox": 0.1954994135070592, "train/s2.loss_cls": 0.08236487451940774, "train/s2.acc": 89.82160003662109, "train/s2.loss_bbox": 0.09769311254261993, "train/loss": 1.3074699345231056, "learning_rate": 1.0000000000000002e-06, "momentum": 0.9, "_runtime": 99317, "_timestamp": 1634028070, "_step": 117193, "val/bbox_mAP": 0.495, "val/bbox_mAP_50": 0.666, "val/bbox_mAP_75": 0.535, "val/bbox_mAP_s": 0.02, "val/bbox_mAP_m": 0.15, "val/bbox_mAP_l": 0.574, "_wandb": {"runtime": 99319}}