{"train/loss_rpn_cls": 0.08181295129936189, "train/loss_rpn_bbox": 0.041184390024282036, "train/s0.loss_cls": 0.3538309296220541, "train/s0.acc": 89.00390625, "train/s0.loss_bbox": 0.2105296931602061, "train/s1.loss_cls": 0.16247682921588422, "train/s1.acc": 89.70328720092773, "train/s1.loss_bbox": 0.18870291313156484, "train/s2.loss_cls": 0.07460324672050773, "train/s2.acc": 90.20234268188477, "train/s2.loss_bbox": 0.09658883720636367, "train/loss": 1.2097297894954682, "learning_rate": 1.0000000000000002e-06, "momentum": 0.9, "_runtime": 69089, "_timestamp": 1633840585, "_step": 117193, "val/bbox_mAP": 0.373, "val/bbox_mAP_50": 0.53, "val/bbox_mAP_75": 0.397, "val/bbox_mAP_s": 0.006, "val/bbox_mAP_m": 0.094, "val/bbox_mAP_l": 0.441, "_wandb": {"runtime": 69091}}