{"train/loss_rpn_cls": 0.21503385476768017, "train/loss_rpn_bbox": 0.0868908464955166, "train/s0.loss_cls": 0.47564947724342344, "train/s0.acc": 89.671875, "train/s0.loss_bbox": 0.27675167717039584, "train/s1.loss_cls": 0.13818865055218338, "train/s1.acc": 95.08203125, "train/s1.loss_bbox": 0.0840886935160961, "train/s2.loss_cls": 0.04511275535915047, "train/s2.acc": 97.22265625, "train/s2.loss_bbox": 0.017673513960180572, "train/loss": 1.3393894523382186, "learning_rate": 4.98502e-05, "momentum": 0.9, "_runtime": 191, "_timestamp": 1633770756, "_step": 250, "_wandb": {"runtime": 203}}