{"train/loss_rpn_cls": 0.07734596395865083, "train/loss_rpn_bbox": 0.06418522357489564, "train/s0.loss_cls": 0.43044743955135345, "train/s0.acc": 86.54296875, "train/s0.loss_bbox": 0.22907694820314645, "train/s1.loss_cls": 0.20576487235724927, "train/s1.acc": 87.1769337463379, "train/s1.loss_bbox": 0.20639718328602613, "train/s2.loss_cls": 0.09324540864676237, "train/s2.acc": 88.1007797241211, "train/s2.loss_bbox": 0.09430593435652554, "train/loss": 1.4007689791917801, "learning_rate": 1.0000000000000002e-06, "momentum": 0.9, "_runtime": 87049, "_timestamp": 1633928193, "_step": 117193, "val/bbox_mAP": 0.48, "val/bbox_mAP_50": 0.641, "val/bbox_mAP_75": 0.515, "val/bbox_mAP_s": 0.01, "val/bbox_mAP_m": 0.138, "val/bbox_mAP_l": 0.559, "_wandb": {"runtime": 87052}}