{"train/loss_rpn_cls": 0.2488505244255066, "train/loss_rpn_bbox": 0.32861363887786865, "train/s0.loss_cls": 0.23235808312892914, "train/s0.acc": 96.6796875, "train/s0.loss_bbox": 0.11743470281362534, "train/s1.loss_cls": 0.04761885479092598, "train/s1.acc": 99.0234375, "train/s1.loss_bbox": 0.009679148904979229, "train/s2.loss_cls": 0.017085334286093712, "train/s2.acc": 99.21875, "train/s2.loss_bbox": 0.0034027663059532642, "train/loss": 1.0050430297851562, "learning_rate": 3.74626e-05, "momentum": 0.9, "_runtime": 146, "_timestamp": 1633770538, "_step": 188, "_wandb": {"runtime": 146}}